User_03062,pw1234,779346440,779
User_03063,oracle123,779929329,773
User_03064,dialog123,775045156,771
User_03065,oracle123,779694675,763
User_03066,adf123,779982155,7777
User_03067,dialog123,775786264,179
User_03068,oracle123,779671849,779
User_03069,adf123,773790791,771
User_03070,dialog123,779470636,775
User_03071,adf123,779470636,773
User_03072,adf123,772442897,1779
User_03073,adf123,779346440,779
User_03074,oracle123,779929329,773
User_03075,dialog123,775045156,771
User_03076,oracle123,779694675,763
User_03077,adf123,779982155,7777
User_03078,dialog123,775786264,179
User_03079,oracle123,779671849,779
User_03080,adf123,773790791,771
User_03081,dialog123,779470636,775
User_03082,adf123,779470636,773
User_03083,adf123,772442897,1779