User_03060,adf123,APD,1/14/2023
User_03061,oracle123,BLC,1/14/2023
User_03062,test123,CEO,1/14/2023
User_03063,oracle123,CV,1/14/2023
User_03064,adf123,LDC,1/1/2023
User_03065,test123,LMB,1/2/2023
User_03066,oracle123,P3500,1/3/2023
User_03067,adf123,P500,1/4/2023
User_03068,test123,PAY,1/5/2023
User_03069,adf123,PRY,1/16/2023
User_03070,adf123,LDC,1/7/2023
User_03071,adf123,RLA,1/8/2023
User_03072,oracle123,RMB,1/9/2023
User_03073,test123,RPP,1/10/2023
User_03074,oracle123,RSE,1/11/2023
User_03075,adf123,SER,1/12/2023
User_03076,test123,SMB,1/13/2023
User_03077,oracle123,UPS,1/14/2023
User_03078,adf123,USSD,1/15/2023
User_03079,test123,VIP,1/16/2023